"","Region","Site","Year","Zone","Taxon","ID","IDsite","x","Points"
"1","GBR","1. North Reef","1995","1-7m","Astreopora","1995.1. North Reef.1-7m","1. North Reef.1-7m",0.54,1
"2","GBR","1. North Reef","1995","1-7m","Bushy Acropora","1995.1. North Reef.1-7m","1. North Reef.1-7m",2.76,1
"3","GBR","1. North Reef","1995","1-7m","Digitate Acropora","1995.1. North Reef.1-7m","1. North Reef.1-7m",2.74,1
"4","GBR","1. North Reef","1995","1-7m","Diploastrea","1995.1. North Reef.1-7m","1. North Reef.1-7m",0,1
"5","GBR","1. North Reef","1995","1-7m","Echinopora","1995.1. North Reef.1-7m","1. North Reef.1-7m",0,1
"6","GBR","1. North Reef","1995","1-7m","Fungiidae","1995.1. North Reef.1-7m","1. North Reef.1-7m",0,1
"7","GBR","1. North Reef","1995","1-7m","Galaxea","1995.1. North Reef.1-7m","1. North Reef.1-7m",0,1
"8","GBR","1. North Reef","1995","1-7m","Goniastrea","1995.1. North Reef.1-7m","1. North Reef.1-7m",1,1
"9","GBR","1. North Reef","1995","1-7m","Goniopora","1995.1. North Reef.1-7m","1. North Reef.1-7m",0.24,1
"10","GBR","1. North Reef","1995","1-7m","Hydnophora","1995.1. North Reef.1-7m","1. North Reef.1-7m",0,1
"11","GBR","1. North Reef","1995","1-7m","Isopora","1995.1. North Reef.1-7m","1. North Reef.1-7m",0.54,1
"12","GBR","1. North Reef","1995","1-7m","Massive Porites","1995.1. North Reef.1-7m","1. North Reef.1-7m",0.5,1
"13","GBR","1. North Reef","1995","1-7m","Merulina","1995.1. North Reef.1-7m","1. North Reef.1-7m",0,1
"14","GBR","1. North Reef","1995","1-7m","Montipora","1995.1. North Reef.1-7m","1. North Reef.1-7m",0,1
"15","GBR","1. North Reef","1995","1-7m","Mussidae","1995.1. North Reef.1-7m","1. North Reef.1-7m",0,1
"16","GBR","1. North Reef","1995","1-7m","Other Agariciidae","1995.1. North Reef.1-7m","1. North Reef.1-7m",0,1
"17","GBR","1. North Reef","1995","1-7m","Other Faviidae","1995.1. North Reef.1-7m","1. North Reef.1-7m",1,1
"18","GBR","1. North Reef","1995","1-7m","Other Pocillopora","1995.1. North Reef.1-7m","1. North Reef.1-7m",1.8,1
"19","GBR","1. North Reef","1995","1-7m","Pavona","1995.1. North Reef.1-7m","1. North Reef.1-7m",0,1
"20","GBR","1. North Reef","1995","1-7m","Pectiniidae","1995.1. North Reef.1-7m","1. North Reef.1-7m",0,1
"21","GBR","1. North Reef","1995","1-7m","Pocillopora damicornis","1995.1. North Reef.1-7m","1. North Reef.1-7m",2.5,1
"22","GBR","1. North Reef","1995","1-7m","Psammocora","1995.1. North Reef.1-7m","1. North Reef.1-7m",0,1
"23","GBR","1. North Reef","1995","1-7m","Scolymia","1995.1. North Reef.1-7m","1. North Reef.1-7m",0,1
"24","GBR","1. North Reef","1995","1-7m","Seriatopora","1995.1. North Reef.1-7m","1. North Reef.1-7m",0.08,1
"25","GBR","1. North Reef","1995","1-7m","Staghorn Acropora","1995.1. North Reef.1-7m","1. North Reef.1-7m",3.7,1
"26","GBR","1. North Reef","1995","1-7m","Stylophora","1995.1. North Reef.1-7m","1. North Reef.1-7m",0,1
"27","GBR","1. North Reef","1995","1-7m","Tabular Acropora","1995.1. North Reef.1-7m","1. North Reef.1-7m",12.88,1
"28","GBR","1. North Reef","1995","1-7m","Turbinaria","1995.1. North Reef.1-7m","1. North Reef.1-7m",0,1
"57","GBR","1. North Reef","2002","1-7m","Astreopora","2002.1. North Reef.1-7m","1. North Reef.1-7m",0,2
"58","GBR","1. North Reef","2002","1-7m","Bushy Acropora","2002.1. North Reef.1-7m","1. North Reef.1-7m",1.6,2
"59","GBR","1. North Reef","2002","1-7m","Digitate Acropora","2002.1. North Reef.1-7m","1. North Reef.1-7m",1.8,2
"60","GBR","1. North Reef","2002","1-7m","Diploastrea","2002.1. North Reef.1-7m","1. North Reef.1-7m",0,2
"61","GBR","1. North Reef","2002","1-7m","Echinopora","2002.1. North Reef.1-7m","1. North Reef.1-7m",0,2
"62","GBR","1. North Reef","2002","1-7m","Fungiidae","2002.1. North Reef.1-7m","1. North Reef.1-7m",0,2
"63","GBR","1. North Reef","2002","1-7m","Galaxea","2002.1. North Reef.1-7m","1. North Reef.1-7m",0,2
"64","GBR","1. North Reef","2002","1-7m","Goniastrea","2002.1. North Reef.1-7m","1. North Reef.1-7m",1.4,2
"65","GBR","1. North Reef","2002","1-7m","Goniopora","2002.1. North Reef.1-7m","1. North Reef.1-7m",0,2
"66","GBR","1. North Reef","2002","1-7m","Hydnophora","2002.1. North Reef.1-7m","1. North Reef.1-7m",0,2
"67","GBR","1. North Reef","2002","1-7m","Isopora","2002.1. North Reef.1-7m","1. North Reef.1-7m",1.4,2
"68","GBR","1. North Reef","2002","1-7m","Massive Porites","2002.1. North Reef.1-7m","1. North Reef.1-7m",1.2,2
"69","GBR","1. North Reef","2002","1-7m","Merulina","2002.1. North Reef.1-7m","1. North Reef.1-7m",0,2
"70","GBR","1. North Reef","2002","1-7m","Montipora","2002.1. North Reef.1-7m","1. North Reef.1-7m",2.8,2
"71","GBR","1. North Reef","2002","1-7m","Mussidae","2002.1. North Reef.1-7m","1. North Reef.1-7m",0,2
"72","GBR","1. North Reef","2002","1-7m","Other Agariciidae","2002.1. North Reef.1-7m","1. North Reef.1-7m",0,2
"73","GBR","1. North Reef","2002","1-7m","Other Faviidae","2002.1. North Reef.1-7m","1. North Reef.1-7m",2,2
"74","GBR","1. North Reef","2002","1-7m","Other Pocillopora","2002.1. North Reef.1-7m","1. North Reef.1-7m",0.8,2
"75","GBR","1. North Reef","2002","1-7m","Pavona","2002.1. North Reef.1-7m","1. North Reef.1-7m",0,2
"76","GBR","1. North Reef","2002","1-7m","Pectiniidae","2002.1. North Reef.1-7m","1. North Reef.1-7m",0,2
"77","GBR","1. North Reef","2002","1-7m","Pocillopora damicornis","2002.1. North Reef.1-7m","1. North Reef.1-7m",1.4,2
"78","GBR","1. North Reef","2002","1-7m","Psammocora","2002.1. North Reef.1-7m","1. North Reef.1-7m",0,2
"79","GBR","1. North Reef","2002","1-7m","Scolymia","2002.1. North Reef.1-7m","1. North Reef.1-7m",0,2
"80","GBR","1. North Reef","2002","1-7m","Seriatopora","2002.1. North Reef.1-7m","1. North Reef.1-7m",0,2
"81","GBR","1. North Reef","2002","1-7m","Staghorn Acropora","2002.1. North Reef.1-7m","1. North Reef.1-7m",0.4,2
"82","GBR","1. North Reef","2002","1-7m","Stylophora","2002.1. North Reef.1-7m","1. North Reef.1-7m",0.6,2
"83","GBR","1. North Reef","2002","1-7m","Tabular Acropora","2002.1. North Reef.1-7m","1. North Reef.1-7m",2.6,2
"84","GBR","1. North Reef","2002","1-7m","Turbinaria","2002.1. North Reef.1-7m","1. North Reef.1-7m",0,2
"113","GBR","1. North Reef","2011","1-7m","Astreopora","2011.1. North Reef.1-7m","1. North Reef.1-7m",0.2,3
"114","GBR","1. North Reef","2011","1-7m","Bushy Acropora","2011.1. North Reef.1-7m","1. North Reef.1-7m",1.8,3
"115","GBR","1. North Reef","2011","1-7m","Digitate Acropora","2011.1. North Reef.1-7m","1. North Reef.1-7m",6,3
"116","GBR","1. North Reef","2011","1-7m","Diploastrea","2011.1. North Reef.1-7m","1. North Reef.1-7m",0,3
"117","GBR","1. North Reef","2011","1-7m","Echinopora","2011.1. North Reef.1-7m","1. North Reef.1-7m",0,3
"118","GBR","1. North Reef","2011","1-7m","Fungiidae","2011.1. North Reef.1-7m","1. North Reef.1-7m",0,3
"119","GBR","1. North Reef","2011","1-7m","Galaxea","2011.1. North Reef.1-7m","1. North Reef.1-7m",0.2,3
"120","GBR","1. North Reef","2011","1-7m","Goniastrea","2011.1. North Reef.1-7m","1. North Reef.1-7m",3.8,3
"121","GBR","1. North Reef","2011","1-7m","Goniopora","2011.1. North Reef.1-7m","1. North Reef.1-7m",0,3
"122","GBR","1. North Reef","2011","1-7m","Hydnophora","2011.1. North Reef.1-7m","1. North Reef.1-7m",0,3
"123","GBR","1. North Reef","2011","1-7m","Isopora","2011.1. North Reef.1-7m","1. North Reef.1-7m",1,3
"124","GBR","1. North Reef","2011","1-7m","Massive Porites","2011.1. North Reef.1-7m","1. North Reef.1-7m",1.8,3
"125","GBR","1. North Reef","2011","1-7m","Merulina","2011.1. North Reef.1-7m","1. North Reef.1-7m",0,3
"126","GBR","1. North Reef","2011","1-7m","Montipora","2011.1. North Reef.1-7m","1. North Reef.1-7m",8.4,3
"127","GBR","1. North Reef","2011","1-7m","Mussidae","2011.1. North Reef.1-7m","1. North Reef.1-7m",0.6,3
"128","GBR","1. North Reef","2011","1-7m","Other Agariciidae","2011.1. North Reef.1-7m","1. North Reef.1-7m",0,3
"129","GBR","1. North Reef","2011","1-7m","Other Faviidae","2011.1. North Reef.1-7m","1. North Reef.1-7m",1.2,3
"130","GBR","1. North Reef","2011","1-7m","Other Pocillopora","2011.1. North Reef.1-7m","1. North Reef.1-7m",0.4,3
"131","GBR","1. North Reef","2011","1-7m","Pavona","2011.1. North Reef.1-7m","1. North Reef.1-7m",0,3
"132","GBR","1. North Reef","2011","1-7m","Pectiniidae","2011.1. North Reef.1-7m","1. North Reef.1-7m",0,3
"133","GBR","1. North Reef","2011","1-7m","Pocillopora damicornis","2011.1. North Reef.1-7m","1. North Reef.1-7m",1.2,3
"134","GBR","1. North Reef","2011","1-7m","Psammocora","2011.1. North Reef.1-7m","1. North Reef.1-7m",0,3
"135","GBR","1. North Reef","2011","1-7m","Scolymia","2011.1. North Reef.1-7m","1. North Reef.1-7m",0,3
"136","GBR","1. North Reef","2011","1-7m","Seriatopora","2011.1. North Reef.1-7m","1. North Reef.1-7m",0,3
"137","GBR","1. North Reef","2011","1-7m","Staghorn Acropora","2011.1. North Reef.1-7m","1. North Reef.1-7m",2.4,3
"138","GBR","1. North Reef","2011","1-7m","Stylophora","2011.1. North Reef.1-7m","1. North Reef.1-7m",0,3
"139","GBR","1. North Reef","2011","1-7m","Tabular Acropora","2011.1. North Reef.1-7m","1. North Reef.1-7m",2.6,3
"140","GBR","1. North Reef","2011","1-7m","Turbinaria","2011.1. North Reef.1-7m","1. North Reef.1-7m",0,3
"169","GBR","1. North Reef","1995","15-30m","Astreopora","1995.1. North Reef.15-30m","1. North Reef.15-30m",0,1
"170","GBR","1. North Reef","1995","15-30m","Bushy Acropora","1995.1. North Reef.15-30m","1. North Reef.15-30m",0.8,1
"171","GBR","1. North Reef","1995","15-30m","Digitate Acropora","1995.1. North Reef.15-30m","1. North Reef.15-30m",0.48,1
"172","GBR","1. North Reef","1995","15-30m","Diploastrea","1995.1. North Reef.15-30m","1. North Reef.15-30m",1,1
"173","GBR","1. North Reef","1995","15-30m","Echinopora","1995.1. North Reef.15-30m","1. North Reef.15-30m",0.2,1
"174","GBR","1. North Reef","1995","15-30m","Fungiidae","1995.1. North Reef.15-30m","1. North Reef.15-30m",0,1
"175","GBR","1. North Reef","1995","15-30m","Galaxea","1995.1. North Reef.15-30m","1. North Reef.15-30m",0,1
"176","GBR","1. North Reef","1995","15-30m","Goniastrea","1995.1. North Reef.15-30m","1. North Reef.15-30m",0,1
"177","GBR","1. North Reef","1995","15-30m","Goniopora","1995.1. North Reef.15-30m","1. North Reef.15-30m",0,1
"178","GBR","1. North Reef","1995","15-30m","Hydnophora","1995.1. North Reef.15-30m","1. North Reef.15-30m",0,1
"179","GBR","1. North Reef","1995","15-30m","Isopora","1995.1. North Reef.15-30m","1. North Reef.15-30m",0,1
"180","GBR","1. North Reef","1995","15-30m","Massive Porites","1995.1. North Reef.15-30m","1. North Reef.15-30m",3.5,1
"181","GBR","1. North Reef","1995","15-30m","Merulina","1995.1. North Reef.15-30m","1. North Reef.15-30m",0,1
"182","GBR","1. North Reef","1995","15-30m","Montipora","1995.1. North Reef.15-30m","1. North Reef.15-30m",1,1
"183","GBR","1. North Reef","1995","15-30m","Mussidae","1995.1. North Reef.15-30m","1. North Reef.15-30m",0,1
"184","GBR","1. North Reef","1995","15-30m","Other Agariciidae","1995.1. North Reef.15-30m","1. North Reef.15-30m",0,1
"185","GBR","1. North Reef","1995","15-30m","Other Faviidae","1995.1. North Reef.15-30m","1. North Reef.15-30m",2.96,1
"186","GBR","1. North Reef","1995","15-30m","Other Pocillopora","1995.1. North Reef.15-30m","1. North Reef.15-30m",1.2,1
"187","GBR","1. North Reef","1995","15-30m","Pavona","1995.1. North Reef.15-30m","1. North Reef.15-30m",0.5,1
"188","GBR","1. North Reef","1995","15-30m","Pectiniidae","1995.1. North Reef.15-30m","1. North Reef.15-30m",0,1
"189","GBR","1. North Reef","1995","15-30m","Pocillopora damicornis","1995.1. North Reef.15-30m","1. North Reef.15-30m",3.3,1
"190","GBR","1. North Reef","1995","15-30m","Psammocora","1995.1. North Reef.15-30m","1. North Reef.15-30m",0,1
"191","GBR","1. North Reef","1995","15-30m","Scolymia","1995.1. North Reef.15-30m","1. North Reef.15-30m",0,1
"192","GBR","1. North Reef","1995","15-30m","Seriatopora","1995.1. North Reef.15-30m","1. North Reef.15-30m",0,1
"193","GBR","1. North Reef","1995","15-30m","Staghorn Acropora","1995.1. North Reef.15-30m","1. North Reef.15-30m",2.56,1
"194","GBR","1. North Reef","1995","15-30m","Stylophora","1995.1. North Reef.15-30m","1. North Reef.15-30m",0.4,1
"195","GBR","1. North Reef","1995","15-30m","Tabular Acropora","1995.1. North Reef.15-30m","1. North Reef.15-30m",2,1
"196","GBR","1. North Reef","1995","15-30m","Turbinaria","1995.1. North Reef.15-30m","1. North Reef.15-30m",0,1
"225","GBR","1. North Reef","2002","15-30m","Astreopora","2002.1. North Reef.15-30m","1. North Reef.15-30m",0,2
"226","GBR","1. North Reef","2002","15-30m","Bushy Acropora","2002.1. North Reef.15-30m","1. North Reef.15-30m",0.2,2
"227","GBR","1. North Reef","2002","15-30m","Digitate Acropora","2002.1. North Reef.15-30m","1. North Reef.15-30m",0,2
"228","GBR","1. North Reef","2002","15-30m","Diploastrea","2002.1. North Reef.15-30m","1. North Reef.15-30m",1.4,2
"229","GBR","1. North Reef","2002","15-30m","Echinopora","2002.1. North Reef.15-30m","1. North Reef.15-30m",1.4,2
"230","GBR","1. North Reef","2002","15-30m","Fungiidae","2002.1. North Reef.15-30m","1. North Reef.15-30m",0.6,2
"231","GBR","1. North Reef","2002","15-30m","Galaxea","2002.1. North Reef.15-30m","1. North Reef.15-30m",0,2
"232","GBR","1. North Reef","2002","15-30m","Goniastrea","2002.1. North Reef.15-30m","1. North Reef.15-30m",0,2
"233","GBR","1. North Reef","2002","15-30m","Goniopora","2002.1. North Reef.15-30m","1. North Reef.15-30m",0,2
"234","GBR","1. North Reef","2002","15-30m","Hydnophora","2002.1. North Reef.15-30m","1. North Reef.15-30m",0,2
"235","GBR","1. North Reef","2002","15-30m","Isopora","2002.1. North Reef.15-30m","1. North Reef.15-30m",0,2
"236","GBR","1. North Reef","2002","15-30m","Massive Porites","2002.1. North Reef.15-30m","1. North Reef.15-30m",1.6,2
"237","GBR","1. North Reef","2002","15-30m","Merulina","2002.1. North Reef.15-30m","1. North Reef.15-30m",0,2
"238","GBR","1. North Reef","2002","15-30m","Montipora","2002.1. North Reef.15-30m","1. North Reef.15-30m",0,2
"239","GBR","1. North Reef","2002","15-30m","Mussidae","2002.1. North Reef.15-30m","1. North Reef.15-30m",1,2
"240","GBR","1. North Reef","2002","15-30m","Other Agariciidae","2002.1. North Reef.15-30m","1. North Reef.15-30m",0,2
"241","GBR","1. North Reef","2002","15-30m","Other Faviidae","2002.1. North Reef.15-30m","1. North Reef.15-30m",2.2,2
"242","GBR","1. North Reef","2002","15-30m","Other Pocillopora","2002.1. North Reef.15-30m","1. North Reef.15-30m",2,2
"243","GBR","1. North Reef","2002","15-30m","Pavona","2002.1. North Reef.15-30m","1. North Reef.15-30m",0,2
"244","GBR","1. North Reef","2002","15-30m","Pectiniidae","2002.1. North Reef.15-30m","1. North Reef.15-30m",0,2
"245","GBR","1. North Reef","2002","15-30m","Pocillopora damicornis","2002.1. North Reef.15-30m","1. North Reef.15-30m",1,2
"246","GBR","1. North Reef","2002","15-30m","Psammocora","2002.1. North Reef.15-30m","1. North Reef.15-30m",0.4,2
"247","GBR","1. North Reef","2002","15-30m","Scolymia","2002.1. North Reef.15-30m","1. North Reef.15-30m",0,2
"248","GBR","1. North Reef","2002","15-30m","Seriatopora","2002.1. North Reef.15-30m","1. North Reef.15-30m",0,2
"249","GBR","1. North Reef","2002","15-30m","Staghorn Acropora","2002.1. North Reef.15-30m","1. North Reef.15-30m",0,2
"250","GBR","1. North Reef","2002","15-30m","Stylophora","2002.1. North Reef.15-30m","1. North Reef.15-30m",0,2
"251","GBR","1. North Reef","2002","15-30m","Tabular Acropora","2002.1. North Reef.15-30m","1. North Reef.15-30m",0,2
"252","GBR","1. North Reef","2002","15-30m","Turbinaria","2002.1. North Reef.15-30m","1. North Reef.15-30m",0.4,2
"281","GBR","1. North Reef","2011","15-30m","Astreopora","2011.1. North Reef.15-30m","1. North Reef.15-30m",0.2,3
"282","GBR","1. North Reef","2011","15-30m","Bushy Acropora","2011.1. North Reef.15-30m","1. North Reef.15-30m",0.8,3
"283","GBR","1. North Reef","2011","15-30m","Digitate Acropora","2011.1. North Reef.15-30m","1. North Reef.15-30m",0.2,3
"284","GBR","1. North Reef","2011","15-30m","Diploastrea","2011.1. North Reef.15-30m","1. North Reef.15-30m",0.6,3
"285","GBR","1. North Reef","2011","15-30m","Echinopora","2011.1. North Reef.15-30m","1. North Reef.15-30m",0.8,3
"286","GBR","1. North Reef","2011","15-30m","Fungiidae","2011.1. North Reef.15-30m","1. North Reef.15-30m",0.2,3
"287","GBR","1. North Reef","2011","15-30m","Galaxea","2011.1. North Reef.15-30m","1. North Reef.15-30m",0,3
"288","GBR","1. North Reef","2011","15-30m","Goniastrea","2011.1. North Reef.15-30m","1. North Reef.15-30m",0.6,3
"289","GBR","1. North Reef","2011","15-30m","Goniopora","2011.1. North Reef.15-30m","1. North Reef.15-30m",1,3
"290","GBR","1. North Reef","2011","15-30m","Hydnophora","2011.1. North Reef.15-30m","1. North Reef.15-30m",0,3
"291","GBR","1. North Reef","2011","15-30m","Isopora","2011.1. North Reef.15-30m","1. North Reef.15-30m",0,3
"292","GBR","1. North Reef","2011","15-30m","Massive Porites","2011.1. North Reef.15-30m","1. North Reef.15-30m",0.8,3
"293","GBR","1. North Reef","2011","15-30m","Merulina","2011.1. North Reef.15-30m","1. North Reef.15-30m",0,3
"294","GBR","1. North Reef","2011","15-30m","Montipora","2011.1. North Reef.15-30m","1. North Reef.15-30m",1.8,3
"295","GBR","1. North Reef","2011","15-30m","Mussidae","2011.1. North Reef.15-30m","1. North Reef.15-30m",0,3
"296","GBR","1. North Reef","2011","15-30m","Other Agariciidae","2011.1. North Reef.15-30m","1. North Reef.15-30m",0.2,3
"297","GBR","1. North Reef","2011","15-30m","Other Faviidae","2011.1. North Reef.15-30m","1. North Reef.15-30m",1,3
"298","GBR","1. North Reef","2011","15-30m","Other Pocillopora","2011.1. North Reef.15-30m","1. North Reef.15-30m",0,3
"299","GBR","1. North Reef","2011","15-30m","Pavona","2011.1. North Reef.15-30m","1. North Reef.15-30m",0,3
"300","GBR","1. North Reef","2011","15-30m","Pectiniidae","2011.1. North Reef.15-30m","1. North Reef.15-30m",0,3
"301","GBR","1. North Reef","2011","15-30m","Pocillopora damicornis","2011.1. North Reef.15-30m","1. North Reef.15-30m",3.2,3
"302","GBR","1. North Reef","2011","15-30m","Psammocora","2011.1. North Reef.15-30m","1. North Reef.15-30m",0,3
"303","GBR","1. North Reef","2011","15-30m","Scolymia","2011.1. North Reef.15-30m","1. North Reef.15-30m",0,3
"304","GBR","1. North Reef","2011","15-30m","Seriatopora","2011.1. North Reef.15-30m","1. North Reef.15-30m",0,3
"305","GBR","1. North Reef","2011","15-30m","Staghorn Acropora","2011.1. North Reef.15-30m","1. North Reef.15-30m",0.6,3
"306","GBR","1. North Reef","2011","15-30m","Stylophora","2011.1. North Reef.15-30m","1. North Reef.15-30m",0.2,3
"307","GBR","1. North Reef","2011","15-30m","Tabular Acropora","2011.1. North Reef.15-30m","1. North Reef.15-30m",0.2,3
"308","GBR","1. North Reef","2011","15-30m","Turbinaria","2011.1. North Reef.15-30m","1. North Reef.15-30m",0,3
"337","GBR","1. North Reef","1995","7-15m","Astreopora","1995.1. North Reef.7-15m","1. North Reef.7-15m",0,1
"338","GBR","1. North Reef","1995","7-15m","Bushy Acropora","1995.1. North Reef.7-15m","1. North Reef.7-15m",1,1
"339","GBR","1. North Reef","1995","7-15m","Digitate Acropora","1995.1. North Reef.7-15m","1. North Reef.7-15m",0.32,1
"340","GBR","1. North Reef","1995","7-15m","Diploastrea","1995.1. North Reef.7-15m","1. North Reef.7-15m",2.24,1
"341","GBR","1. North Reef","1995","7-15m","Echinopora","1995.1. North Reef.7-15m","1. North Reef.7-15m",0,1
"342","GBR","1. North Reef","1995","7-15m","Fungiidae","1995.1. North Reef.7-15m","1. North Reef.7-15m",0,1
"343","GBR","1. North Reef","1995","7-15m","Galaxea","1995.1. North Reef.7-15m","1. North Reef.7-15m",0,1
"344","GBR","1. North Reef","1995","7-15m","Goniastrea","1995.1. North Reef.7-15m","1. North Reef.7-15m",0,1
"345","GBR","1. North Reef","1995","7-15m","Goniopora","1995.1. North Reef.7-15m","1. North Reef.7-15m",2.8,1
"346","GBR","1. North Reef","1995","7-15m","Hydnophora","1995.1. North Reef.7-15m","1. North Reef.7-15m",0,1
"347","GBR","1. North Reef","1995","7-15m","Isopora","1995.1. North Reef.7-15m","1. North Reef.7-15m",0,1
"348","GBR","1. North Reef","1995","7-15m","Massive Porites","1995.1. North Reef.7-15m","1. North Reef.7-15m",2.5,1
"349","GBR","1. North Reef","1995","7-15m","Merulina","1995.1. North Reef.7-15m","1. North Reef.7-15m",0,1
"350","GBR","1. North Reef","1995","7-15m","Montipora","1995.1. North Reef.7-15m","1. North Reef.7-15m",1.5,1
"351","GBR","1. North Reef","1995","7-15m","Mussidae","1995.1. North Reef.7-15m","1. North Reef.7-15m",0.5,1
"352","GBR","1. North Reef","1995","7-15m","Other Agariciidae","1995.1. North Reef.7-15m","1. North Reef.7-15m",0,1
"353","GBR","1. North Reef","1995","7-15m","Other Faviidae","1995.1. North Reef.7-15m","1. North Reef.7-15m",5,1
"354","GBR","1. North Reef","1995","7-15m","Other Pocillopora","1995.1. North Reef.7-15m","1. North Reef.7-15m",0.8,1
"355","GBR","1. North Reef","1995","7-15m","Pavona","1995.1. North Reef.7-15m","1. North Reef.7-15m",0,1
"356","GBR","1. North Reef","1995","7-15m","Pectiniidae","1995.1. North Reef.7-15m","1. North Reef.7-15m",0,1
"357","GBR","1. North Reef","1995","7-15m","Pocillopora damicornis","1995.1. North Reef.7-15m","1. North Reef.7-15m",5.5,1
"358","GBR","1. North Reef","1995","7-15m","Psammocora","1995.1. North Reef.7-15m","1. North Reef.7-15m",0,1
"359","GBR","1. North Reef","1995","7-15m","Scolymia","1995.1. North Reef.7-15m","1. North Reef.7-15m",0,1
"360","GBR","1. North Reef","1995","7-15m","Seriatopora","1995.1. North Reef.7-15m","1. North Reef.7-15m",0,1
"361","GBR","1. North Reef","1995","7-15m","Staghorn Acropora","1995.1. North Reef.7-15m","1. North Reef.7-15m",6.5,1
"362","GBR","1. North Reef","1995","7-15m","Stylophora","1995.1. North Reef.7-15m","1. North Reef.7-15m",0,1
"363","GBR","1. North Reef","1995","7-15m","Tabular Acropora","1995.1. North Reef.7-15m","1. North Reef.7-15m",4.5,1
"364","GBR","1. North Reef","1995","7-15m","Turbinaria","1995.1. North Reef.7-15m","1. North Reef.7-15m",0,1
"393","GBR","1. North Reef","2002","7-15m","Astreopora","2002.1. North Reef.7-15m","1. North Reef.7-15m",0,2
"394","GBR","1. North Reef","2002","7-15m","Bushy Acropora","2002.1. North Reef.7-15m","1. North Reef.7-15m",1.4,2
"395","GBR","1. North Reef","2002","7-15m","Digitate Acropora","2002.1. North Reef.7-15m","1. North Reef.7-15m",0,2
"396","GBR","1. North Reef","2002","7-15m","Diploastrea","2002.1. North Reef.7-15m","1. North Reef.7-15m",0,2
"397","GBR","1. North Reef","2002","7-15m","Echinopora","2002.1. North Reef.7-15m","1. North Reef.7-15m",0,2
"398","GBR","1. North Reef","2002","7-15m","Fungiidae","2002.1. North Reef.7-15m","1. North Reef.7-15m",1,2
"399","GBR","1. North Reef","2002","7-15m","Galaxea","2002.1. North Reef.7-15m","1. North Reef.7-15m",0,2
"400","GBR","1. North Reef","2002","7-15m","Goniastrea","2002.1. North Reef.7-15m","1. North Reef.7-15m",0,2
"401","GBR","1. North Reef","2002","7-15m","Goniopora","2002.1. North Reef.7-15m","1. North Reef.7-15m",0,2
"402","GBR","1. North Reef","2002","7-15m","Hydnophora","2002.1. North Reef.7-15m","1. North Reef.7-15m",0,2
"403","GBR","1. North Reef","2002","7-15m","Isopora","2002.1. North Reef.7-15m","1. North Reef.7-15m",0,2
"404","GBR","1. North Reef","2002","7-15m","Massive Porites","2002.1. North Reef.7-15m","1. North Reef.7-15m",1.4,2
"405","GBR","1. North Reef","2002","7-15m","Merulina","2002.1. North Reef.7-15m","1. North Reef.7-15m",0,2
"406","GBR","1. North Reef","2002","7-15m","Montipora","2002.1. North Reef.7-15m","1. North Reef.7-15m",0,2
"407","GBR","1. North Reef","2002","7-15m","Mussidae","2002.1. North Reef.7-15m","1. North Reef.7-15m",0.4,2
"408","GBR","1. North Reef","2002","7-15m","Other Agariciidae","2002.1. North Reef.7-15m","1. North Reef.7-15m",0,2
"409","GBR","1. North Reef","2002","7-15m","Other Faviidae","2002.1. North Reef.7-15m","1. North Reef.7-15m",2,2
"410","GBR","1. North Reef","2002","7-15m","Other Pocillopora","2002.1. North Reef.7-15m","1. North Reef.7-15m",0.4,2
"411","GBR","1. North Reef","2002","7-15m","Pavona","2002.1. North Reef.7-15m","1. North Reef.7-15m",0,2
"412","GBR","1. North Reef","2002","7-15m","Pectiniidae","2002.1. North Reef.7-15m","1. North Reef.7-15m",0.2,2
"413","GBR","1. North Reef","2002","7-15m","Pocillopora damicornis","2002.1. North Reef.7-15m","1. North Reef.7-15m",2.2,2
"414","GBR","1. North Reef","2002","7-15m","Psammocora","2002.1. North Reef.7-15m","1. North Reef.7-15m",0.4,2
"415","GBR","1. North Reef","2002","7-15m","Scolymia","2002.1. North Reef.7-15m","1. North Reef.7-15m",0,2
"416","GBR","1. North Reef","2002","7-15m","Seriatopora","2002.1. North Reef.7-15m","1. North Reef.7-15m",0.4,2
"417","GBR","1. North Reef","2002","7-15m","Staghorn Acropora","2002.1. North Reef.7-15m","1. North Reef.7-15m",0.6,2
"418","GBR","1. North Reef","2002","7-15m","Stylophora","2002.1. North Reef.7-15m","1. North Reef.7-15m",0.8,2
"419","GBR","1. North Reef","2002","7-15m","Tabular Acropora","2002.1. North Reef.7-15m","1. North Reef.7-15m",0.4,2
"420","GBR","1. North Reef","2002","7-15m","Turbinaria","2002.1. North Reef.7-15m","1. North Reef.7-15m",0,2
"449","GBR","1. North Reef","2011","7-15m","Astreopora","2011.1. North Reef.7-15m","1. North Reef.7-15m",0.4,3
"450","GBR","1. North Reef","2011","7-15m","Bushy Acropora","2011.1. North Reef.7-15m","1. North Reef.7-15m",3.8,3
"451","GBR","1. North Reef","2011","7-15m","Digitate Acropora","2011.1. North Reef.7-15m","1. North Reef.7-15m",0.8,3
"452","GBR","1. North Reef","2011","7-15m","Diploastrea","2011.1. North Reef.7-15m","1. North Reef.7-15m",0.4,3
"453","GBR","1. North Reef","2011","7-15m","Echinopora","2011.1. North Reef.7-15m","1. North Reef.7-15m",1,3
"454","GBR","1. North Reef","2011","7-15m","Fungiidae","2011.1. North Reef.7-15m","1. North Reef.7-15m",0,3
"455","GBR","1. North Reef","2011","7-15m","Galaxea","2011.1. North Reef.7-15m","1. North Reef.7-15m",0,3
"456","GBR","1. North Reef","2011","7-15m","Goniastrea","2011.1. North Reef.7-15m","1. North Reef.7-15m",1.4,3
"457","GBR","1. North Reef","2011","7-15m","Goniopora","2011.1. North Reef.7-15m","1. North Reef.7-15m",0.2,3
"458","GBR","1. North Reef","2011","7-15m","Hydnophora","2011.1. North Reef.7-15m","1. North Reef.7-15m",0.2,3
"459","GBR","1. North Reef","2011","7-15m","Isopora","2011.1. North Reef.7-15m","1. North Reef.7-15m",0,3
"460","GBR","1. North Reef","2011","7-15m","Massive Porites","2011.1. North Reef.7-15m","1. North Reef.7-15m",0.8,3
"461","GBR","1. North Reef","2011","7-15m","Merulina","2011.1. North Reef.7-15m","1. North Reef.7-15m",0.2,3
"462","GBR","1. North Reef","2011","7-15m","Montipora","2011.1. North Reef.7-15m","1. North Reef.7-15m",2,3
"463","GBR","1. North Reef","2011","7-15m","Mussidae","2011.1. North Reef.7-15m","1. North Reef.7-15m",0,3
"464","GBR","1. North Reef","2011","7-15m","Other Agariciidae","2011.1. North Reef.7-15m","1. North Reef.7-15m",0,3
"465","GBR","1. North Reef","2011","7-15m","Other Faviidae","2011.1. North Reef.7-15m","1. North Reef.7-15m",0.6,3
"466","GBR","1. North Reef","2011","7-15m","Other Pocillopora","2011.1. North Reef.7-15m","1. North Reef.7-15m",0.6,3
"467","GBR","1. North Reef","2011","7-15m","Pavona","2011.1. North Reef.7-15m","1. North Reef.7-15m",0,3
"468","GBR","1. North Reef","2011","7-15m","Pectiniidae","2011.1. North Reef.7-15m","1. North Reef.7-15m",0,3
"469","GBR","1. North Reef","2011","7-15m","Pocillopora damicornis","2011.1. North Reef.7-15m","1. North Reef.7-15m",2.8,3
"470","GBR","1. North Reef","2011","7-15m","Psammocora","2011.1. North Reef.7-15m","1. North Reef.7-15m",0,3
"471","GBR","1. North Reef","2011","7-15m","Scolymia","2011.1. North Reef.7-15m","1. North Reef.7-15m",0,3
"472","GBR","1. North Reef","2011","7-15m","Seriatopora","2011.1. North Reef.7-15m","1. North Reef.7-15m",0,3
"473","GBR","1. North Reef","2011","7-15m","Staghorn Acropora","2011.1. North Reef.7-15m","1. North Reef.7-15m",5.2,3
"474","GBR","1. North Reef","2011","7-15m","Stylophora","2011.1. North Reef.7-15m","1. North Reef.7-15m",0.4,3
"475","GBR","1. North Reef","2011","7-15m","Tabular Acropora","2011.1. North Reef.7-15m","1. North Reef.7-15m",9,3
"476","GBR","1. North Reef","2011","7-15m","Turbinaria","2011.1. North Reef.7-15m","1. North Reef.7-15m",0.2,3
"505","Jamaica","Rio Bueno","1977","1-7m","Acropora palmata","1977.Rio Bueno.1-7m","Rio Bueno.1-7m",11.9,1
"506","Jamaica","Rio Bueno","1977","1-7m","Agaricia","1977.Rio Bueno.1-7m","Rio Bueno.1-7m",3.64,1
"507","Jamaica","Rio Bueno","1977","1-7m","Colpophyllia","1977.Rio Bueno.1-7m","Rio Bueno.1-7m",3.28,1
"508","Jamaica","Rio Bueno","1977","1-7m","Dichocoenia","1977.Rio Bueno.1-7m","Rio Bueno.1-7m",0,1
"509","Jamaica","Rio Bueno","1977","1-7m","Favia","1977.Rio Bueno.1-7m","Rio Bueno.1-7m",0,1
"510","Jamaica","Rio Bueno","1977","1-7m","Helioseris","1977.Rio Bueno.1-7m","Rio Bueno.1-7m",0.04,1
"511","Jamaica","Rio Bueno","1977","1-7m","Isophyllia","1977.Rio Bueno.1-7m","Rio Bueno.1-7m",0,1
"512","Jamaica","Rio Bueno","1977","1-7m","Madracis","1977.Rio Bueno.1-7m","Rio Bueno.1-7m",4.24,1
"513","Jamaica","Rio Bueno","1977","1-7m","Montastrea cavernosa","1977.Rio Bueno.1-7m","Rio Bueno.1-7m",1.04,1
"514","Jamaica","Rio Bueno","1977","1-7m","Mycetophyllia","1977.Rio Bueno.1-7m","Rio Bueno.1-7m",0,1
"515","Jamaica","Rio Bueno","1977","1-7m","Orbicella","1977.Rio Bueno.1-7m","Rio Bueno.1-7m",1.42,1
"516","Jamaica","Rio Bueno","1977","1-7m","Other Faviidae","1977.Rio Bueno.1-7m","Rio Bueno.1-7m",0.87,1
"517","Jamaica","Rio Bueno","1977","1-7m","Porites astreoides","1977.Rio Bueno.1-7m","Rio Bueno.1-7m",4.15,1
"518","Jamaica","Rio Bueno","1977","1-7m","Porites furcata","1977.Rio Bueno.1-7m","Rio Bueno.1-7m",8.14,1
"519","Jamaica","Rio Bueno","1977","1-7m","Scolymia","1977.Rio Bueno.1-7m","Rio Bueno.1-7m",0,1
"520","Jamaica","Rio Bueno","1977","1-7m","Siderastrea","1977.Rio Bueno.1-7m","Rio Bueno.1-7m",0.08,1
"521","Jamaica","Rio Bueno","1977","1-7m","Staghorn Acropora","1977.Rio Bueno.1-7m","Rio Bueno.1-7m",17.82,1
"743","Jamaica","Rio Bueno","1993","1-7m","Acropora palmata","1993.Rio Bueno.1-7m","Rio Bueno.1-7m",0,2
"744","Jamaica","Rio Bueno","1993","1-7m","Agaricia","1993.Rio Bueno.1-7m","Rio Bueno.1-7m",0.25,2
"745","Jamaica","Rio Bueno","1993","1-7m","Colpophyllia","1993.Rio Bueno.1-7m","Rio Bueno.1-7m",0.44,2
"746","Jamaica","Rio Bueno","1993","1-7m","Dichocoenia","1993.Rio Bueno.1-7m","Rio Bueno.1-7m",0,2
"747","Jamaica","Rio Bueno","1993","1-7m","Favia","1993.Rio Bueno.1-7m","Rio Bueno.1-7m",0,2
"748","Jamaica","Rio Bueno","1993","1-7m","Helioseris","1993.Rio Bueno.1-7m","Rio Bueno.1-7m",0,2
"749","Jamaica","Rio Bueno","1993","1-7m","Isophyllia","1993.Rio Bueno.1-7m","Rio Bueno.1-7m",0.06,2
"750","Jamaica","Rio Bueno","1993","1-7m","Madracis","1993.Rio Bueno.1-7m","Rio Bueno.1-7m",0.12,2
"751","Jamaica","Rio Bueno","1993","1-7m","Montastrea cavernosa","1993.Rio Bueno.1-7m","Rio Bueno.1-7m",0.17,2
"752","Jamaica","Rio Bueno","1993","1-7m","Mycetophyllia","1993.Rio Bueno.1-7m","Rio Bueno.1-7m",0,2
"753","Jamaica","Rio Bueno","1993","1-7m","Orbicella","1993.Rio Bueno.1-7m","Rio Bueno.1-7m",2.17,2
"754","Jamaica","Rio Bueno","1993","1-7m","Other Faviidae","1993.Rio Bueno.1-7m","Rio Bueno.1-7m",0.18,2
"755","Jamaica","Rio Bueno","1993","1-7m","Porites astreoides","1993.Rio Bueno.1-7m","Rio Bueno.1-7m",0.93,2
"756","Jamaica","Rio Bueno","1993","1-7m","Porites furcata","1993.Rio Bueno.1-7m","Rio Bueno.1-7m",0.29,2
"757","Jamaica","Rio Bueno","1993","1-7m","Scolymia","1993.Rio Bueno.1-7m","Rio Bueno.1-7m",0,2
"758","Jamaica","Rio Bueno","1993","1-7m","Siderastrea","1993.Rio Bueno.1-7m","Rio Bueno.1-7m",0.18,2
"759","Jamaica","Rio Bueno","1993","1-7m","Staghorn Acropora","1993.Rio Bueno.1-7m","Rio Bueno.1-7m",0.21,2
"760","Jamaica","Rio Bueno","2013","1-7m","Acropora palmata","2013.Rio Bueno.1-7m","Rio Bueno.1-7m",0,3
"761","Jamaica","Rio Bueno","2013","1-7m","Agaricia","2013.Rio Bueno.1-7m","Rio Bueno.1-7m",0,3
"762","Jamaica","Rio Bueno","2013","1-7m","Colpophyllia","2013.Rio Bueno.1-7m","Rio Bueno.1-7m",0.07,3
"763","Jamaica","Rio Bueno","2013","1-7m","Dichocoenia","2013.Rio Bueno.1-7m","Rio Bueno.1-7m",0,3
"764","Jamaica","Rio Bueno","2013","1-7m","Favia","2013.Rio Bueno.1-7m","Rio Bueno.1-7m",0,3
"765","Jamaica","Rio Bueno","2013","1-7m","Helioseris","2013.Rio Bueno.1-7m","Rio Bueno.1-7m",0,3
"766","Jamaica","Rio Bueno","2013","1-7m","Isophyllia","2013.Rio Bueno.1-7m","Rio Bueno.1-7m",0,3
"767","Jamaica","Rio Bueno","2013","1-7m","Madracis","2013.Rio Bueno.1-7m","Rio Bueno.1-7m",0,3
"768","Jamaica","Rio Bueno","2013","1-7m","Montastrea cavernosa","2013.Rio Bueno.1-7m","Rio Bueno.1-7m",0,3
"769","Jamaica","Rio Bueno","2013","1-7m","Mycetophyllia","2013.Rio Bueno.1-7m","Rio Bueno.1-7m",0,3
"770","Jamaica","Rio Bueno","2013","1-7m","Orbicella","2013.Rio Bueno.1-7m","Rio Bueno.1-7m",0.07,3
"771","Jamaica","Rio Bueno","2013","1-7m","Other Faviidae","2013.Rio Bueno.1-7m","Rio Bueno.1-7m",0,3
"772","Jamaica","Rio Bueno","2013","1-7m","Porites astreoides","2013.Rio Bueno.1-7m","Rio Bueno.1-7m",1.33,3
"773","Jamaica","Rio Bueno","2013","1-7m","Porites furcata","2013.Rio Bueno.1-7m","Rio Bueno.1-7m",0,3
"774","Jamaica","Rio Bueno","2013","1-7m","Scolymia","2013.Rio Bueno.1-7m","Rio Bueno.1-7m",0,3
"775","Jamaica","Rio Bueno","2013","1-7m","Siderastrea","2013.Rio Bueno.1-7m","Rio Bueno.1-7m",0,3
"776","Jamaica","Rio Bueno","2013","1-7m","Staghorn Acropora","2013.Rio Bueno.1-7m","Rio Bueno.1-7m",0,3
"964","Jamaica","Rio Bueno","1993","15-30m","Acropora palmata","1993.Rio Bueno.15-30m","Rio Bueno.15-30m",0,2
"965","Jamaica","Rio Bueno","1993","15-30m","Agaricia","1993.Rio Bueno.15-30m","Rio Bueno.15-30m",2.75,2
"966","Jamaica","Rio Bueno","1993","15-30m","Colpophyllia","1993.Rio Bueno.15-30m","Rio Bueno.15-30m",0,2
"967","Jamaica","Rio Bueno","1993","15-30m","Dichocoenia","1993.Rio Bueno.15-30m","Rio Bueno.15-30m",0,2
"968","Jamaica","Rio Bueno","1993","15-30m","Favia","1993.Rio Bueno.15-30m","Rio Bueno.15-30m",0,2
"969","Jamaica","Rio Bueno","1993","15-30m","Helioseris","1993.Rio Bueno.15-30m","Rio Bueno.15-30m",0.14,2
"970","Jamaica","Rio Bueno","1993","15-30m","Isophyllia","1993.Rio Bueno.15-30m","Rio Bueno.15-30m",0.1,2
"971","Jamaica","Rio Bueno","1993","15-30m","Madracis","1993.Rio Bueno.15-30m","Rio Bueno.15-30m",0.76,2
"972","Jamaica","Rio Bueno","1993","15-30m","Montastrea cavernosa","1993.Rio Bueno.15-30m","Rio Bueno.15-30m",0.16,2
"973","Jamaica","Rio Bueno","1993","15-30m","Mycetophyllia","1993.Rio Bueno.15-30m","Rio Bueno.15-30m",0.32,2
"974","Jamaica","Rio Bueno","1993","15-30m","Orbicella","1993.Rio Bueno.15-30m","Rio Bueno.15-30m",0.23,2
"975","Jamaica","Rio Bueno","1993","15-30m","Other Faviidae","1993.Rio Bueno.15-30m","Rio Bueno.15-30m",0,2
"976","Jamaica","Rio Bueno","1993","15-30m","Porites astreoides","1993.Rio Bueno.15-30m","Rio Bueno.15-30m",0.13,2
"977","Jamaica","Rio Bueno","1993","15-30m","Porites furcata","1993.Rio Bueno.15-30m","Rio Bueno.15-30m",0,2
"978","Jamaica","Rio Bueno","1993","15-30m","Scolymia","1993.Rio Bueno.15-30m","Rio Bueno.15-30m",0,2
"979","Jamaica","Rio Bueno","1993","15-30m","Siderastrea","1993.Rio Bueno.15-30m","Rio Bueno.15-30m",0.82,2
"980","Jamaica","Rio Bueno","1993","15-30m","Staghorn Acropora","1993.Rio Bueno.15-30m","Rio Bueno.15-30m",0,2
"981","Jamaica","Rio Bueno","2013","15-30m","Acropora palmata","2013.Rio Bueno.15-30m","Rio Bueno.15-30m",0,3
"982","Jamaica","Rio Bueno","2013","15-30m","Agaricia","2013.Rio Bueno.15-30m","Rio Bueno.15-30m",8.6,3
"983","Jamaica","Rio Bueno","2013","15-30m","Colpophyllia","2013.Rio Bueno.15-30m","Rio Bueno.15-30m",0,3
"984","Jamaica","Rio Bueno","2013","15-30m","Dichocoenia","2013.Rio Bueno.15-30m","Rio Bueno.15-30m",0,3
"985","Jamaica","Rio Bueno","2013","15-30m","Favia","2013.Rio Bueno.15-30m","Rio Bueno.15-30m",0,3
"986","Jamaica","Rio Bueno","2013","15-30m","Helioseris","2013.Rio Bueno.15-30m","Rio Bueno.15-30m",1.2,3
"987","Jamaica","Rio Bueno","2013","15-30m","Isophyllia","2013.Rio Bueno.15-30m","Rio Bueno.15-30m",0,3
"988","Jamaica","Rio Bueno","2013","15-30m","Madracis","2013.Rio Bueno.15-30m","Rio Bueno.15-30m",0.2,3
"989","Jamaica","Rio Bueno","2013","15-30m","Montastrea cavernosa","2013.Rio Bueno.15-30m","Rio Bueno.15-30m",0,3
"990","Jamaica","Rio Bueno","2013","15-30m","Mycetophyllia","2013.Rio Bueno.15-30m","Rio Bueno.15-30m",0.2,3
"991","Jamaica","Rio Bueno","2013","15-30m","Orbicella","2013.Rio Bueno.15-30m","Rio Bueno.15-30m",0,3
"992","Jamaica","Rio Bueno","2013","15-30m","Other Faviidae","2013.Rio Bueno.15-30m","Rio Bueno.15-30m",0,3
"993","Jamaica","Rio Bueno","2013","15-30m","Porites astreoides","2013.Rio Bueno.15-30m","Rio Bueno.15-30m",0.1,3
"994","Jamaica","Rio Bueno","2013","15-30m","Porites furcata","2013.Rio Bueno.15-30m","Rio Bueno.15-30m",0,3
"995","Jamaica","Rio Bueno","2013","15-30m","Scolymia","2013.Rio Bueno.15-30m","Rio Bueno.15-30m",0,3
"996","Jamaica","Rio Bueno","2013","15-30m","Siderastrea","2013.Rio Bueno.15-30m","Rio Bueno.15-30m",0,3
"997","Jamaica","Rio Bueno","2013","15-30m","Staghorn Acropora","2013.Rio Bueno.15-30m","Rio Bueno.15-30m",0,3
"998","Jamaica","Rio Bueno","1977","7-15m","Acropora palmata","1977.Rio Bueno.7-15m","Rio Bueno.7-15m",0,1
"999","Jamaica","Rio Bueno","1977","7-15m","Agaricia","1977.Rio Bueno.7-15m","Rio Bueno.7-15m",16.62,1
"1000","Jamaica","Rio Bueno","1977","7-15m","Colpophyllia","1977.Rio Bueno.7-15m","Rio Bueno.7-15m",1.645,1
"1001","Jamaica","Rio Bueno","1977","7-15m","Dichocoenia","1977.Rio Bueno.7-15m","Rio Bueno.7-15m",0.04,1
"1002","Jamaica","Rio Bueno","1977","7-15m","Favia","1977.Rio Bueno.7-15m","Rio Bueno.7-15m",0,1
"1003","Jamaica","Rio Bueno","1977","7-15m","Helioseris","1977.Rio Bueno.7-15m","Rio Bueno.7-15m",1.645,1
"1004","Jamaica","Rio Bueno","1977","7-15m","Isophyllia","1977.Rio Bueno.7-15m","Rio Bueno.7-15m",0.075,1
"1005","Jamaica","Rio Bueno","1977","7-15m","Madracis","1977.Rio Bueno.7-15m","Rio Bueno.7-15m",13.925,1
"1006","Jamaica","Rio Bueno","1977","7-15m","Montastrea cavernosa","1977.Rio Bueno.7-15m","Rio Bueno.7-15m",1.78,1
"1007","Jamaica","Rio Bueno","1977","7-15m","Mycetophyllia","1977.Rio Bueno.7-15m","Rio Bueno.7-15m",0.2,1
"1008","Jamaica","Rio Bueno","1977","7-15m","Orbicella","1977.Rio Bueno.7-15m","Rio Bueno.7-15m",1.765,1
"1009","Jamaica","Rio Bueno","1977","7-15m","Other Faviidae","1977.Rio Bueno.7-15m","Rio Bueno.7-15m",0.115,1
"1010","Jamaica","Rio Bueno","1977","7-15m","Porites astreoides","1977.Rio Bueno.7-15m","Rio Bueno.7-15m",7.475,1
"1011","Jamaica","Rio Bueno","1977","7-15m","Porites furcata","1977.Rio Bueno.7-15m","Rio Bueno.7-15m",5.41,1
"1012","Jamaica","Rio Bueno","1977","7-15m","Scolymia","1977.Rio Bueno.7-15m","Rio Bueno.7-15m",0.035,1
"1013","Jamaica","Rio Bueno","1977","7-15m","Siderastrea","1977.Rio Bueno.7-15m","Rio Bueno.7-15m",1.835,1
"1014","Jamaica","Rio Bueno","1977","7-15m","Staghorn Acropora","1977.Rio Bueno.7-15m","Rio Bueno.7-15m",3.115,1
"1236","Jamaica","Rio Bueno","1993","7-15m","Acropora palmata","1993.Rio Bueno.7-15m","Rio Bueno.7-15m",0,2
"1237","Jamaica","Rio Bueno","1993","7-15m","Agaricia","1993.Rio Bueno.7-15m","Rio Bueno.7-15m",1.51,2
"1238","Jamaica","Rio Bueno","1993","7-15m","Colpophyllia","1993.Rio Bueno.7-15m","Rio Bueno.7-15m",0.26,2
"1239","Jamaica","Rio Bueno","1993","7-15m","Dichocoenia","1993.Rio Bueno.7-15m","Rio Bueno.7-15m",0,2
"1240","Jamaica","Rio Bueno","1993","7-15m","Favia","1993.Rio Bueno.7-15m","Rio Bueno.7-15m",0,2
"1241","Jamaica","Rio Bueno","1993","7-15m","Helioseris","1993.Rio Bueno.7-15m","Rio Bueno.7-15m",0.55,2
"1242","Jamaica","Rio Bueno","1993","7-15m","Isophyllia","1993.Rio Bueno.7-15m","Rio Bueno.7-15m",0.21,2
"1243","Jamaica","Rio Bueno","1993","7-15m","Madracis","1993.Rio Bueno.7-15m","Rio Bueno.7-15m",0.31,2
"1244","Jamaica","Rio Bueno","1993","7-15m","Montastrea cavernosa","1993.Rio Bueno.7-15m","Rio Bueno.7-15m",0.04,2
"1245","Jamaica","Rio Bueno","1993","7-15m","Mycetophyllia","1993.Rio Bueno.7-15m","Rio Bueno.7-15m",0.06,2
"1246","Jamaica","Rio Bueno","1993","7-15m","Orbicella","1993.Rio Bueno.7-15m","Rio Bueno.7-15m",0.93,2
"1247","Jamaica","Rio Bueno","1993","7-15m","Other Faviidae","1993.Rio Bueno.7-15m","Rio Bueno.7-15m",0,2
"1248","Jamaica","Rio Bueno","1993","7-15m","Porites astreoides","1993.Rio Bueno.7-15m","Rio Bueno.7-15m",1.11,2
"1249","Jamaica","Rio Bueno","1993","7-15m","Porites furcata","1993.Rio Bueno.7-15m","Rio Bueno.7-15m",0.14,2
"1250","Jamaica","Rio Bueno","1993","7-15m","Scolymia","1993.Rio Bueno.7-15m","Rio Bueno.7-15m",0,2
"1251","Jamaica","Rio Bueno","1993","7-15m","Siderastrea","1993.Rio Bueno.7-15m","Rio Bueno.7-15m",0.22,2
"1252","Jamaica","Rio Bueno","1993","7-15m","Staghorn Acropora","1993.Rio Bueno.7-15m","Rio Bueno.7-15m",0,2
"1253","Jamaica","Rio Bueno","2013","7-15m","Acropora palmata","2013.Rio Bueno.7-15m","Rio Bueno.7-15m",0,3
"1254","Jamaica","Rio Bueno","2013","7-15m","Agaricia","2013.Rio Bueno.7-15m","Rio Bueno.7-15m",21.06,3
"1255","Jamaica","Rio Bueno","2013","7-15m","Colpophyllia","2013.Rio Bueno.7-15m","Rio Bueno.7-15m",0,3
"1256","Jamaica","Rio Bueno","2013","7-15m","Dichocoenia","2013.Rio Bueno.7-15m","Rio Bueno.7-15m",0,3
"1257","Jamaica","Rio Bueno","2013","7-15m","Favia","2013.Rio Bueno.7-15m","Rio Bueno.7-15m",0,3
"1258","Jamaica","Rio Bueno","2013","7-15m","Helioseris","2013.Rio Bueno.7-15m","Rio Bueno.7-15m",0.81,3
"1259","Jamaica","Rio Bueno","2013","7-15m","Isophyllia","2013.Rio Bueno.7-15m","Rio Bueno.7-15m",0,3
"1260","Jamaica","Rio Bueno","2013","7-15m","Madracis","2013.Rio Bueno.7-15m","Rio Bueno.7-15m",3.81,3
"1261","Jamaica","Rio Bueno","2013","7-15m","Montastrea cavernosa","2013.Rio Bueno.7-15m","Rio Bueno.7-15m",0,3
"1262","Jamaica","Rio Bueno","2013","7-15m","Mycetophyllia","2013.Rio Bueno.7-15m","Rio Bueno.7-15m",0,3
"1263","Jamaica","Rio Bueno","2013","7-15m","Orbicella","2013.Rio Bueno.7-15m","Rio Bueno.7-15m",0,3
"1264","Jamaica","Rio Bueno","2013","7-15m","Other Faviidae","2013.Rio Bueno.7-15m","Rio Bueno.7-15m",0.94,3
"1265","Jamaica","Rio Bueno","2013","7-15m","Porites astreoides","2013.Rio Bueno.7-15m","Rio Bueno.7-15m",3.19,3
"1266","Jamaica","Rio Bueno","2013","7-15m","Porites furcata","2013.Rio Bueno.7-15m","Rio Bueno.7-15m",0.69,3
"1267","Jamaica","Rio Bueno","2013","7-15m","Scolymia","2013.Rio Bueno.7-15m","Rio Bueno.7-15m",0.31,3
"1268","Jamaica","Rio Bueno","2013","7-15m","Siderastrea","2013.Rio Bueno.7-15m","Rio Bueno.7-15m",0,3
"1269","Jamaica","Rio Bueno","2013","7-15m","Staghorn Acropora","2013.Rio Bueno.7-15m","Rio Bueno.7-15m",0,3
"1270","Polynesia","Tiahura","1979","1-7m","Astreopora","1979.Tiahura.1-7m","Tiahura.1-7m",0,1
"1271","Polynesia","Tiahura","1979","1-7m","Branching Porites","1979.Tiahura.1-7m","Tiahura.1-7m",3.44664466446645,1
"1272","Polynesia","Tiahura","1979","1-7m","Bushy Acropora","1979.Tiahura.1-7m","Tiahura.1-7m",3.97689768976898,1
"1273","Polynesia","Tiahura","1979","1-7m","Digitate Acropora","1979.Tiahura.1-7m","Tiahura.1-7m",1.00748074807481,1
"1274","Polynesia","Tiahura","1979","1-7m","Fungiidae","1979.Tiahura.1-7m","Tiahura.1-7m",0.742354235423542,1
"1275","Polynesia","Tiahura","1979","1-7m","Goniastrea","1979.Tiahura.1-7m","Tiahura.1-7m",0,1
"1276","Polynesia","Tiahura","1979","1-7m","Massive Porites","1979.Tiahura.1-7m","Tiahura.1-7m",19.6723872387239,1
"1277","Polynesia","Tiahura","1979","1-7m","Montipora","1979.Tiahura.1-7m","Tiahura.1-7m",5.1964796479648,1
"1278","Polynesia","Tiahura","1979","1-7m","Mussidae","1979.Tiahura.1-7m","Tiahura.1-7m",0,1
"1279","Polynesia","Tiahura","1979","1-7m","Other Agariciidae","1979.Tiahura.1-7m","Tiahura.1-7m",0,1
"1280","Polynesia","Tiahura","1979","1-7m","Other Faviidae","1979.Tiahura.1-7m","Tiahura.1-7m",0.954455445544555,1
"1281","Polynesia","Tiahura","1979","1-7m","Other Pocillopora","1979.Tiahura.1-7m","Tiahura.1-7m",3.23454345434543,1
"1282","Polynesia","Tiahura","1979","1-7m","Pavona","1979.Tiahura.1-7m","Tiahura.1-7m",0.795379537953796,1
"1283","Polynesia","Tiahura","1979","1-7m","Pocillopora damicornis","1979.Tiahura.1-7m","Tiahura.1-7m",0.106050605060506,1
"1284","Polynesia","Tiahura","1979","1-7m","Psammocora","1979.Tiahura.1-7m","Tiahura.1-7m",0.371177117711771,1
"1285","Polynesia","Tiahura","1979","1-7m","Staghorn Acropora","1979.Tiahura.1-7m","Tiahura.1-7m",4.77227722772277,1
"1286","Polynesia","Tiahura","1979","1-7m","Stylocoeniella","1979.Tiahura.1-7m","Tiahura.1-7m",0,1
"1287","Polynesia","Tiahura","1979","1-7m","Tabular Acropora","1979.Tiahura.1-7m","Tiahura.1-7m",7.42354235423542,1
"1288","Polynesia","Tiahura","1982","1-7m","Astreopora","1982.Tiahura.1-7m","Tiahura.1-7m",0,2
"1289","Polynesia","Tiahura","1982","1-7m","Branching Porites","1982.Tiahura.1-7m","Tiahura.1-7m",8.25,2
"1290","Polynesia","Tiahura","1982","1-7m","Bushy Acropora","1982.Tiahura.1-7m","Tiahura.1-7m",0,2
"1291","Polynesia","Tiahura","1982","1-7m","Digitate Acropora","1982.Tiahura.1-7m","Tiahura.1-7m",0,2
"1292","Polynesia","Tiahura","1982","1-7m","Fungiidae","1982.Tiahura.1-7m","Tiahura.1-7m",0,2
"1293","Polynesia","Tiahura","1982","1-7m","Goniastrea","1982.Tiahura.1-7m","Tiahura.1-7m",0,2
"1294","Polynesia","Tiahura","1982","1-7m","Massive Porites","1982.Tiahura.1-7m","Tiahura.1-7m",19.8351063829787,2
"1295","Polynesia","Tiahura","1982","1-7m","Montipora","1982.Tiahura.1-7m","Tiahura.1-7m",0.146276595744681,2
"1296","Polynesia","Tiahura","1982","1-7m","Mussidae","1982.Tiahura.1-7m","Tiahura.1-7m",0,2
"1297","Polynesia","Tiahura","1982","1-7m","Other Agariciidae","1982.Tiahura.1-7m","Tiahura.1-7m",0,2
"1298","Polynesia","Tiahura","1982","1-7m","Other Faviidae","1982.Tiahura.1-7m","Tiahura.1-7m",0.263297872340426,2
"1299","Polynesia","Tiahura","1982","1-7m","Other Pocillopora","1982.Tiahura.1-7m","Tiahura.1-7m",0,2
"1300","Polynesia","Tiahura","1982","1-7m","Pavona","1982.Tiahura.1-7m","Tiahura.1-7m",0.146276595744681,2
"1301","Polynesia","Tiahura","1982","1-7m","Pocillopora damicornis","1982.Tiahura.1-7m","Tiahura.1-7m",0,2
"1302","Polynesia","Tiahura","1982","1-7m","Psammocora","1982.Tiahura.1-7m","Tiahura.1-7m",0.146276595744681,2
"1303","Polynesia","Tiahura","1982","1-7m","Staghorn Acropora","1982.Tiahura.1-7m","Tiahura.1-7m",0,2
"1304","Polynesia","Tiahura","1982","1-7m","Stylocoeniella","1982.Tiahura.1-7m","Tiahura.1-7m",0,2
"1305","Polynesia","Tiahura","1982","1-7m","Tabular Acropora","1982.Tiahura.1-7m","Tiahura.1-7m",0,2
"1306","Polynesia","Tiahura","2003","1-7m","Astreopora","2003.Tiahura.1-7m","Tiahura.1-7m",0,3
"1307","Polynesia","Tiahura","2003","1-7m","Branching Porites","2003.Tiahura.1-7m","Tiahura.1-7m",4.24,3
"1308","Polynesia","Tiahura","2003","1-7m","Bushy Acropora","2003.Tiahura.1-7m","Tiahura.1-7m",1.72,3
"1309","Polynesia","Tiahura","2003","1-7m","Digitate Acropora","2003.Tiahura.1-7m","Tiahura.1-7m",2.64,3
"1310","Polynesia","Tiahura","2003","1-7m","Echinopora","2003.Tiahura.1-7m","Tiahura.1-7m",0,3
"1311","Polynesia","Tiahura","2003","1-7m","Fungiidae","2003.Tiahura.1-7m","Tiahura.1-7m",0,3
"1312","Polynesia","Tiahura","2003","1-7m","Goniastrea","2003.Tiahura.1-7m","Tiahura.1-7m",0,3
"1313","Polynesia","Tiahura","2003","1-7m","Massive Porites","2003.Tiahura.1-7m","Tiahura.1-7m",19.96,3
"1314","Polynesia","Tiahura","2003","1-7m","Montipora","2003.Tiahura.1-7m","Tiahura.1-7m",1.2,3
"1315","Polynesia","Tiahura","2003","1-7m","Mussidae","2003.Tiahura.1-7m","Tiahura.1-7m",0,3
"1316","Polynesia","Tiahura","2003","1-7m","Other Agariciidae","2003.Tiahura.1-7m","Tiahura.1-7m",0,3
"1317","Polynesia","Tiahura","2003","1-7m","Other Faviidae","2003.Tiahura.1-7m","Tiahura.1-7m",0,3
"1318","Polynesia","Tiahura","2003","1-7m","Other Pocillopora","2003.Tiahura.1-7m","Tiahura.1-7m",15.26,3
"1319","Polynesia","Tiahura","2003","1-7m","Pachyseris","2003.Tiahura.1-7m","Tiahura.1-7m",0,3
"1320","Polynesia","Tiahura","2003","1-7m","Pavona","2003.Tiahura.1-7m","Tiahura.1-7m",0,3
"1321","Polynesia","Tiahura","2003","1-7m","Pocillopora damicornis","2003.Tiahura.1-7m","Tiahura.1-7m",0.1,3
"1322","Polynesia","Tiahura","2003","1-7m","Psammocora","2003.Tiahura.1-7m","Tiahura.1-7m",0,3
"1323","Polynesia","Tiahura","2003","1-7m","Staghorn Acropora","2003.Tiahura.1-7m","Tiahura.1-7m",0,3
"1324","Polynesia","Tiahura","2003","1-7m","Tabular Acropora","2003.Tiahura.1-7m","Tiahura.1-7m",1.48,3
"1363","Polynesia","Tiahura","1979","15-30m","Astreopora","1979.Tiahura.15-30m","Tiahura.15-30m",0.857055214723927,1
"1364","Polynesia","Tiahura","1979","15-30m","Branching Porites","1979.Tiahura.15-30m","Tiahura.15-30m",8.9601226993865,1
"1365","Polynesia","Tiahura","1979","15-30m","Bushy Acropora","1979.Tiahura.15-30m","Tiahura.15-30m",0.662269938650307,1
"1366","Polynesia","Tiahura","1979","15-30m","Digitate Acropora","1979.Tiahura.15-30m","Tiahura.15-30m",0.662269938650307,1
"1367","Polynesia","Tiahura","1979","15-30m","Fungiidae","1979.Tiahura.15-30m","Tiahura.15-30m",7.09018404907976,1
"1368","Polynesia","Tiahura","1979","15-30m","Goniastrea","1979.Tiahura.15-30m","Tiahura.15-30m",1.36349693251534,1
"1369","Polynesia","Tiahura","1979","15-30m","Massive Porites","1979.Tiahura.15-30m","Tiahura.15-30m",3.35030674846626,1
"1370","Polynesia","Tiahura","1979","15-30m","Montipora","1979.Tiahura.15-30m","Tiahura.15-30m",0.818098159509203,1
"1371","Polynesia","Tiahura","1979","15-30m","Mussidae","1979.Tiahura.15-30m","Tiahura.15-30m",1.51932515337423,1
"1372","Polynesia","Tiahura","1979","15-30m","Other Agariciidae","1979.Tiahura.15-30m","Tiahura.15-30m",2.37638036809816,1
"1373","Polynesia","Tiahura","1979","15-30m","Other Faviidae","1979.Tiahura.15-30m","Tiahura.15-30m",6.73957055214724,1
"1374","Polynesia","Tiahura","1979","15-30m","Other Pocillopora","1979.Tiahura.15-30m","Tiahura.15-30m",0.857055214723927,1
"1375","Polynesia","Tiahura","1979","15-30m","Pavona","1979.Tiahura.15-30m","Tiahura.15-30m",3.35030674846626,1
"1376","Polynesia","Tiahura","1979","15-30m","Pocillopora damicornis","1979.Tiahura.15-30m","Tiahura.15-30m",0,1
"1377","Polynesia","Tiahura","1979","15-30m","Psammocora","1979.Tiahura.15-30m","Tiahura.15-30m",0.155828220858896,1
"1378","Polynesia","Tiahura","1979","15-30m","Staghorn Acropora","1979.Tiahura.15-30m","Tiahura.15-30m",0,1
"1379","Polynesia","Tiahura","1979","15-30m","Stylocoeniella","1979.Tiahura.15-30m","Tiahura.15-30m",0,1
"1380","Polynesia","Tiahura","1979","15-30m","Tabular Acropora","1979.Tiahura.15-30m","Tiahura.15-30m",0,1
"1381","Polynesia","Tiahura","1982","15-30m","Astreopora","1982.Tiahura.15-30m","Tiahura.15-30m",0,2
"1382","Polynesia","Tiahura","1982","15-30m","Branching Porites","1982.Tiahura.15-30m","Tiahura.15-30m",1.37972544878564,2
"1383","Polynesia","Tiahura","1982","15-30m","Bushy Acropora","1982.Tiahura.15-30m","Tiahura.15-30m",0.0992608236536431,2
"1384","Polynesia","Tiahura","1982","15-30m","Digitate Acropora","1982.Tiahura.15-30m","Tiahura.15-30m",0,2
"1385","Polynesia","Tiahura","1982","15-30m","Fungiidae","1982.Tiahura.15-30m","Tiahura.15-30m",1.95543822597677,2
"1386","Polynesia","Tiahura","1982","15-30m","Goniastrea","1982.Tiahura.15-30m","Tiahura.15-30m",0.0992608236536431,2
"1387","Polynesia","Tiahura","1982","15-30m","Massive Porites","1982.Tiahura.15-30m","Tiahura.15-30m",1.03231256599789,2
"1388","Polynesia","Tiahura","1982","15-30m","Montipora","1982.Tiahura.15-30m","Tiahura.15-30m",0.168743400211193,2
"1389","Polynesia","Tiahura","1982","15-30m","Mussidae","1982.Tiahura.15-30m","Tiahura.15-30m",0.0992608236536431,2
"1390","Polynesia","Tiahura","1982","15-30m","Other Agariciidae","1982.Tiahura.15-30m","Tiahura.15-30m",0.486378035902851,2
"1391","Polynesia","Tiahura","1982","15-30m","Other Faviidae","1982.Tiahura.15-30m","Tiahura.15-30m",1.03231256599789,2
"1392","Polynesia","Tiahura","1982","15-30m","Other Pocillopora","1982.Tiahura.15-30m","Tiahura.15-30m",2.41203801478353,2
"1393","Polynesia","Tiahura","1982","15-30m","Pavona","1982.Tiahura.15-30m","Tiahura.15-30m",0.625343189017951,2
"1394","Polynesia","Tiahura","1982","15-30m","Pocillopora damicornis","1982.Tiahura.15-30m","Tiahura.15-30m",0,2
"1395","Polynesia","Tiahura","1982","15-30m","Psammocora","1982.Tiahura.15-30m","Tiahura.15-30m",0.347412882787751,2
"1396","Polynesia","Tiahura","1982","15-30m","Staghorn Acropora","1982.Tiahura.15-30m","Tiahura.15-30m",0,2
"1397","Polynesia","Tiahura","1982","15-30m","Stylocoeniella","1982.Tiahura.15-30m","Tiahura.15-30m",0,2
"1398","Polynesia","Tiahura","1982","15-30m","Tabular Acropora","1982.Tiahura.15-30m","Tiahura.15-30m",0,2
"1399","Polynesia","Tiahura","2003","15-30m","Astreopora","2003.Tiahura.15-30m","Tiahura.15-30m",0,3
"1400","Polynesia","Tiahura","2003","15-30m","Branching Porites","2003.Tiahura.15-30m","Tiahura.15-30m",0.8,3
"1401","Polynesia","Tiahura","2003","15-30m","Bushy Acropora","2003.Tiahura.15-30m","Tiahura.15-30m",2.96,3
"1402","Polynesia","Tiahura","2003","15-30m","Digitate Acropora","2003.Tiahura.15-30m","Tiahura.15-30m",6.28,3
"1403","Polynesia","Tiahura","2003","15-30m","Echinopora","2003.Tiahura.15-30m","Tiahura.15-30m",0,3
"1404","Polynesia","Tiahura","2003","15-30m","Fungiidae","2003.Tiahura.15-30m","Tiahura.15-30m",2.94,3
"1405","Polynesia","Tiahura","2003","15-30m","Goniastrea","2003.Tiahura.15-30m","Tiahura.15-30m",0,3
"1406","Polynesia","Tiahura","2003","15-30m","Massive Porites","2003.Tiahura.15-30m","Tiahura.15-30m",6.68,3
"1407","Polynesia","Tiahura","2003","15-30m","Montipora","2003.Tiahura.15-30m","Tiahura.15-30m",5.18,3
"1408","Polynesia","Tiahura","2003","15-30m","Mussidae","2003.Tiahura.15-30m","Tiahura.15-30m",0,3
"1409","Polynesia","Tiahura","2003","15-30m","Other Agariciidae","2003.Tiahura.15-30m","Tiahura.15-30m",0.44,3
"1410","Polynesia","Tiahura","2003","15-30m","Other Faviidae","2003.Tiahura.15-30m","Tiahura.15-30m",2.48,3
"1411","Polynesia","Tiahura","2003","15-30m","Other Pocillopora","2003.Tiahura.15-30m","Tiahura.15-30m",15.1,3
"1412","Polynesia","Tiahura","2003","15-30m","Pachyseris","2003.Tiahura.15-30m","Tiahura.15-30m",0,3
"1413","Polynesia","Tiahura","2003","15-30m","Pavona","2003.Tiahura.15-30m","Tiahura.15-30m",0,3
"1414","Polynesia","Tiahura","2003","15-30m","Pocillopora damicornis","2003.Tiahura.15-30m","Tiahura.15-30m",0,3
"1415","Polynesia","Tiahura","2003","15-30m","Psammocora","2003.Tiahura.15-30m","Tiahura.15-30m",0.58,3
"1416","Polynesia","Tiahura","2003","15-30m","Staghorn Acropora","2003.Tiahura.15-30m","Tiahura.15-30m",1.2,3
"1417","Polynesia","Tiahura","2003","15-30m","Tabular Acropora","2003.Tiahura.15-30m","Tiahura.15-30m",0,3
"1456","Polynesia","Tiahura","1979","7-15m","Astreopora","1979.Tiahura.7-15m","Tiahura.7-15m",0,1
"1457","Polynesia","Tiahura","1979","7-15m","Branching Porites","1979.Tiahura.7-15m","Tiahura.7-15m",2.42695390781563,1
"1458","Polynesia","Tiahura","1979","7-15m","Bushy Acropora","1979.Tiahura.7-15m","Tiahura.7-15m",10.0741482965932,1
"1459","Polynesia","Tiahura","1979","7-15m","Digitate Acropora","1979.Tiahura.7-15m","Tiahura.7-15m",4.71653306613227,1
"1460","Polynesia","Tiahura","1979","7-15m","Fungiidae","1979.Tiahura.7-15m","Tiahura.7-15m",5.08286573146293,1
"1461","Polynesia","Tiahura","1979","7-15m","Goniastrea","1979.Tiahura.7-15m","Tiahura.7-15m",1.32795591182365,1
"1462","Polynesia","Tiahura","1979","7-15m","Massive Porites","1979.Tiahura.7-15m","Tiahura.7-15m",0.68687374749499,1
"1463","Polynesia","Tiahura","1979","7-15m","Montipora","1979.Tiahura.7-15m","Tiahura.7-15m",0.366332665330661,1
"1464","Polynesia","Tiahura","1979","7-15m","Mussidae","1979.Tiahura.7-15m","Tiahura.7-15m",0.183166332665331,1
"1465","Polynesia","Tiahura","1979","7-15m","Other Agariciidae","1979.Tiahura.7-15m","Tiahura.7-15m",0.412124248496994,1
"1466","Polynesia","Tiahura","1979","7-15m","Other Faviidae","1979.Tiahura.7-15m","Tiahura.7-15m",2.47274549098196,1
"1467","Polynesia","Tiahura","1979","7-15m","Other Pocillopora","1979.Tiahura.7-15m","Tiahura.7-15m",9.2498997995992,1
"1468","Polynesia","Tiahura","1979","7-15m","Pavona","1979.Tiahura.7-15m","Tiahura.7-15m",3.70911823647295,1
"1469","Polynesia","Tiahura","1979","7-15m","Pocillopora damicornis","1979.Tiahura.7-15m","Tiahura.7-15m",0.0915831663326653,1
"1470","Polynesia","Tiahura","1979","7-15m","Psammocora","1979.Tiahura.7-15m","Tiahura.7-15m",0.68687374749499,1
"1471","Polynesia","Tiahura","1979","7-15m","Staghorn Acropora","1979.Tiahura.7-15m","Tiahura.7-15m",0.915831663326653,1
"1472","Polynesia","Tiahura","1979","7-15m","Stylocoeniella","1979.Tiahura.7-15m","Tiahura.7-15m",0,1
"1473","Polynesia","Tiahura","1979","7-15m","Tabular Acropora","1979.Tiahura.7-15m","Tiahura.7-15m",2.33537074148297,1
"1474","Polynesia","Tiahura","1982","7-15m","Astreopora","1982.Tiahura.7-15m","Tiahura.7-15m",0,2
"1475","Polynesia","Tiahura","1982","7-15m","Branching Porites","1982.Tiahura.7-15m","Tiahura.7-15m",1.09663951120163,2
"1476","Polynesia","Tiahura","1982","7-15m","Bushy Acropora","1982.Tiahura.7-15m","Tiahura.7-15m",1.51558044806517,2
"1477","Polynesia","Tiahura","1982","7-15m","Digitate Acropora","1982.Tiahura.7-15m","Tiahura.7-15m",0.75162932790224,2
"1478","Polynesia","Tiahura","1982","7-15m","Fungiidae","1982.Tiahura.7-15m","Tiahura.7-15m",0.640733197556008,2
"1479","Polynesia","Tiahura","1982","7-15m","Goniastrea","1982.Tiahura.7-15m","Tiahura.7-15m",0.320366598778004,2
"1480","Polynesia","Tiahura","1982","7-15m","Massive Porites","1982.Tiahura.7-15m","Tiahura.7-15m",0,2
"1481","Polynesia","Tiahura","1982","7-15m","Montipora","1982.Tiahura.7-15m","Tiahura.7-15m",0.653054989816701,2
"1482","Polynesia","Tiahura","1982","7-15m","Mussidae","1982.Tiahura.7-15m","Tiahura.7-15m",0,2
"1483","Polynesia","Tiahura","1982","7-15m","Other Agariciidae","1982.Tiahura.7-15m","Tiahura.7-15m",0.75162932790224,2
"1484","Polynesia","Tiahura","1982","7-15m","Other Faviidae","1982.Tiahura.7-15m","Tiahura.7-15m",0.862525458248472,2
"1485","Polynesia","Tiahura","1982","7-15m","Other Pocillopora","1982.Tiahura.7-15m","Tiahura.7-15m",3.94297352342159,2
"1486","Polynesia","Tiahura","1982","7-15m","Pavona","1982.Tiahura.7-15m","Tiahura.7-15m",0.837881873727088,2
"1487","Polynesia","Tiahura","1982","7-15m","Pocillopora damicornis","1982.Tiahura.7-15m","Tiahura.7-15m",0,2
"1488","Polynesia","Tiahura","1982","7-15m","Psammocora","1982.Tiahura.7-15m","Tiahura.7-15m",0,2
"1489","Polynesia","Tiahura","1982","7-15m","Staghorn Acropora","1982.Tiahura.7-15m","Tiahura.7-15m",0.283401221995927,2
"1490","Polynesia","Tiahura","1982","7-15m","Stylocoeniella","1982.Tiahura.7-15m","Tiahura.7-15m",0,2
"1491","Polynesia","Tiahura","1982","7-15m","Tabular Acropora","1982.Tiahura.7-15m","Tiahura.7-15m",0,2
"1492","Polynesia","Tiahura","2003","7-15m","Astreopora","2003.Tiahura.7-15m","Tiahura.7-15m",0,3
"1493","Polynesia","Tiahura","2003","7-15m","Branching Porites","2003.Tiahura.7-15m","Tiahura.7-15m",0,3
"1494","Polynesia","Tiahura","2003","7-15m","Bushy Acropora","2003.Tiahura.7-15m","Tiahura.7-15m",3.16,3
"1495","Polynesia","Tiahura","2003","7-15m","Digitate Acropora","2003.Tiahura.7-15m","Tiahura.7-15m",0,3
"1496","Polynesia","Tiahura","2003","7-15m","Echinopora","2003.Tiahura.7-15m","Tiahura.7-15m",0,3
"1497","Polynesia","Tiahura","2003","7-15m","Fungiidae","2003.Tiahura.7-15m","Tiahura.7-15m",0,3
"1498","Polynesia","Tiahura","2003","7-15m","Goniastrea","2003.Tiahura.7-15m","Tiahura.7-15m",0,3
"1499","Polynesia","Tiahura","2003","7-15m","Massive Porites","2003.Tiahura.7-15m","Tiahura.7-15m",7.12,3
"1500","Polynesia","Tiahura","2003","7-15m","Montipora","2003.Tiahura.7-15m","Tiahura.7-15m",8.28,3
"1501","Polynesia","Tiahura","2003","7-15m","Mussidae","2003.Tiahura.7-15m","Tiahura.7-15m",0,3
"1502","Polynesia","Tiahura","2003","7-15m","Other Agariciidae","2003.Tiahura.7-15m","Tiahura.7-15m",0,3
"1503","Polynesia","Tiahura","2003","7-15m","Other Faviidae","2003.Tiahura.7-15m","Tiahura.7-15m",3.38,3
"1504","Polynesia","Tiahura","2003","7-15m","Other Pocillopora","2003.Tiahura.7-15m","Tiahura.7-15m",24.32,3
"1505","Polynesia","Tiahura","2003","7-15m","Pachyseris","2003.Tiahura.7-15m","Tiahura.7-15m",0,3
"1506","Polynesia","Tiahura","2003","7-15m","Pavona","2003.Tiahura.7-15m","Tiahura.7-15m",0,3
"1507","Polynesia","Tiahura","2003","7-15m","Pocillopora damicornis","2003.Tiahura.7-15m","Tiahura.7-15m",0,3
"1508","Polynesia","Tiahura","2003","7-15m","Psammocora","2003.Tiahura.7-15m","Tiahura.7-15m",0,3
"1509","Polynesia","Tiahura","2003","7-15m","Staghorn Acropora","2003.Tiahura.7-15m","Tiahura.7-15m",0,3
"1510","Polynesia","Tiahura","2003","7-15m","Tabular Acropora","2003.Tiahura.7-15m","Tiahura.7-15m",2.56,3
